{"cameraMode":{"drawMode":0,"name":"Shaded","section":"Shading Mode"},"sceneLighting":true,"audioPlay":false,"sceneViewState":{"showFog":true,"showMaterialUpdate":false,"showSkybox":true,"showFlares":true,"showImageEffects":true,"showParticleSystems":true,"showVisualEffectGraphs":true,"m_FxEnabled":true},"in2DMode":false,"pivot":{"x":-3.7313942909240724,"y":0.2687617540359497,"z":14.881052017211914},"rotation":{"x":0.20355099439620973,"y":0.35009655356407168,"z":-0.07821381092071533,"w":0.9109951853752136},"size":1.1122651100158692,"orthographic":false}